#{"t_start": 1780981073.5183122, "env_id": "None"}
r,l,t
80.739931,99,4.129125
45.603805,99,6.658539
54.857271,99,9.344408
27.140453,99,11.512974
32.199806,99,13.773907
37.998053,99,16.148922
76.292089,99,19.528687
62.740331,99,22.807471
60.589369,99,25.583298
30.382356,99,27.785441
68.169832,99,31.216913
69.257955,99,34.628887
60.904178,99,37.77772
62.96685,99,40.900583
52.126853,99,43.588525
58.105611,99,46.655595
47.845119,99,49.282717
76.495885,99,52.637361
87.003272,99,56.514858
77.785968,99,60.421196
88.237888,99,65.062199
76.485106,99,68.573211
87.673161,99,72.327535
83.929584,99,76.094536
86.680987,99,79.858759
84.788918,99,83.575746
79.144071,99,87.329731
82.344821,99,91.097927
67.357115,99,94.356851
85.690635,99,98.054262
85.924637,99,101.727827
84.548972,99,105.62196
86.669893,99,109.485976
87.850993,99,113.190517
74.420794,99,116.616808
81.731574,99,120.327287
79.394018,99,123.876347
87.391944,99,127.703097
87.6728,99,131.597811
89.557414,99,135.263488
85.32184,99,138.926352
87.120726,99,142.652975
83.639432,99,146.280559
85.668563,99,149.890493
84.439138,99,153.616065
80.596374,99,157.332858
87.89867,99,161.061316
87.25107,99,164.817785
86.439398,99,168.74792
85.664227,99,172.578772
86.617334,99,176.237921
86.03495,99,180.407585
86.487493,99,184.256386
87.055409,99,187.99385
84.039964,99,191.627186
86.445892,99,195.495432
84.153131,99,199.200618
91.985747,99,203.104828
87.270151,99,207.154582
85.802563,99,211.032219
89.421582,99,214.897169
86.209978,99,218.621999
85.074288,99,222.356386
87.243912,99,225.992456
86.296015,99,229.850681
86.552999,99,233.63552
86.128386,99,237.578732
86.440087,99,241.413652
86.38884,99,245.270919
87.144435,99,249.005686
86.552872,99,252.787336
85.559643,99,256.612118
91.777673,99,260.215492
86.552999,99,263.963758
91.985747,99,267.699258
86.439282,99,271.52896
86.555197,99,275.271668
86.612548,99,279.176003
85.782446,99,283.388166
85.768626,99,287.161264
86.552872,99,291.155537
86.005696,99,295.053964
86.552999,99,298.842797
86.552999,99,302.645776
86.485279,99,306.386011
86.556571,99,310.126719
86.552999,99,313.946208
86.552999,99,317.825756
86.007752,99,321.547107
86.552999,99,325.306439
86.552999,99,329.138435
86.552999,99,332.995826
86.552999,99,336.742492
86.552999,99,340.503607
86.552999,99,344.30584
86.552999,99,348.112262
86.552999,99,351.797978
86.552999,99,355.801827
86.552999,99,360.11467
86.552999,99,364.125129
86.552999,99,368.367464
86.552999,99,372.59211
86.552999,99,376.821466
86.556442,99,380.994186
86.552999,99,385.275083
86.128386,99,389.519037
86.134303,99,393.560919
86.552999,99,397.471897
86.552999,99,401.291841
86.552999,99,405.513432
86.552999,99,409.651093
86.552999,99,413.475879
86.552999,99,417.337294
86.552999,99,421.279992
86.552999,99,425.21757
86.209978,99,429.050694
86.552999,99,433.191767
86.552728,99,437.105873
86.552999,99,440.969875
86.552832,99,444.762552
86.552832,99,448.755084
85.767198,99,452.538347
86.209978,99,456.596367
86.487493,99,460.413306
87.842513,99,464.315166
86.552832,99,468.18341
86.485141,99,472.322605
86.437904,99,476.22024
86.552999,99,480.174691
86.494924,99,484.077654
86.494922,99,487.953325
86.485141,99,491.927026
86.552999,99,495.703042
87.842513,99,499.561549
85.662745,99,503.569155
85.864543,99,507.408487
86.485141,99,511.290561
86.487493,99,515.197475
87.842513,99,519.079492
86.261243,99,522.944365
87.842513,99,526.861276
86.552832,99,530.892851
86.552999,99,534.860032
86.261243,99,538.558308
86.261243,99,542.637165
86.553353,99,546.419108
86.167386,99,550.230018
86.552999,99,554.570884
86.552832,99,558.506629
85.589595,99,562.339892
86.485141,99,566.10685
86.485141,99,569.794046
86.552999,99,573.497371
86.552832,99,577.233378
87.564403,99,580.937121
86.552832,99,584.685512
86.376186,99,588.345098
86.552999,99,591.983839
86.209814,99,595.85755
86.552832,99,599.647904
86.552832,99,603.317415
91.985747,99,607.249853
86.552999,99,610.982099
86.437904,99,614.790099
86.552832,99,618.535841
86.92174,99,622.137265
86.552832,99,626.037513
86.552999,99,629.737506
86.552999,99,633.531492
86.552999,99,637.221102
85.589762,99,641.146508
84.612301,99,645.139621
86.552999,99,648.875077
86.552999,99,652.562637
86.552999,99,656.279918
86.552999,99,660.002346
85.3573,99,663.698509
86.552832,99,667.375896
85.868697,99,671.04844
86.209978,99,674.742881
86.552999,99,678.425743
85.589762,99,682.141768
86.552999,99,685.860271
86.552999,99,689.519178
86.552999,99,693.23803
86.552999,99,697.011703
86.552999,99,700.689736
86.552999,99,704.429871
86.526805,99,708.036514
86.552999,99,711.72504
86.547413,99,715.402456
86.552999,99,719.036176
86.552999,99,722.773539
86.552999,99,726.462956
86.552999,99,730.112122
86.552999,99,733.742723
86.552999,99,737.446115
86.552999,99,741.164073
87.472271,99,744.844542
86.552999,99,748.533103
86.552999,99,752.269707
86.552999,99,755.895291
86.552999,99,759.633602
86.438039,99,763.398998
86.552999,99,767.041696
86.553353,99,770.729763
86.552999,99,774.484676
86.552999,99,778.178194
86.552999,99,781.869374
86.552999,99,785.577655
86.552999,99,789.329954
86.552999,99,793.049485
86.552999,99,796.751822
86.438039,99,800.452361
86.552999,99,804.161036
86.552999,99,807.922612
86.552999,99,811.612309
86.005696,99,815.320168
86.552999,99,819.004083
85.802563,99,822.71013
86.552999,99,826.462253
86.552999,99,830.165341
86.552999,99,833.924135
86.552999,99,837.608452
86.552999,99,841.331535
86.552999,99,845.129679
86.552999,99,848.898468
86.128386,99,852.601679
86.552999,99,856.313012
86.552999,99,859.980864
86.552999,99,863.717292
86.552999,99,867.484339
86.552999,99,871.265496
86.552999,99,875.156116
86.005696,99,879.004494
86.134303,99,882.816166
86.552999,99,886.523443
91.777673,99,890.158315
86.552999,99,894.128095
86.005696,99,898.086944
91.777673,99,901.723984
86.552832,99,905.429338
86.485141,99,909.311565
86.438039,99,913.079955
86.552999,99,917.126749
86.552999,99,920.981769
86.445806,99,924.809245
86.552832,99,928.693926
86.552999,99,932.614895
85.424074,99,936.416928
86.552999,99,940.224449
86.552999,99,944.385875
86.552999,99,948.149115
86.552999,99,951.892941
86.552832,99,955.569883
91.985747,99,959.275606
86.485141,99,963.023707
86.492221,99,966.661287
86.555197,99,970.422426
86.552999,99,974.158914
86.552999,99,977.863147
86.552832,99,981.605713
86.485141,99,985.315355
86.552999,99,989.081744
86.134303,99,992.783141
83.721737,99,996.610187
84.608242,99,1000.302975
86.485279,99,1004.01745
86.552999,99,1007.762433
87.027008,99,1011.39248
86.485141,99,1015.060554
86.485141,99,1018.755352
86.485141,99,1022.457281
86.552999,99,1026.117039
86.553353,99,1029.893968
86.128195,99,1033.548951
84.236162,99,1037.22542
86.485141,99,1041.006064
91.985747,99,1044.559291
86.263951,99,1048.239129
86.325583,99,1052.207504
85.389547,99,1055.865317
84.608242,99,1059.549441
86.485141,99,1063.287388
86.485141,99,1066.984951
86.552832,99,1070.685611
84.608242,99,1074.395695
83.823813,99,1078.11541
88.037135,99,1081.992362
86.064683,99,1085.700245
86.374662,99,1089.472128
86.485141,99,1093.124828
86.485141,99,1096.873803
86.485141,99,1100.622989
86.494922,99,1104.353568
86.485141,99,1108.145733
84.608242,99,1111.816675
86.261243,99,1115.498852
84.608242,99,1119.233204
86.553437,99,1122.961937
85.687618,99,1126.599316
86.485141,99,1130.289065
86.055119,99,1133.95077
