episode,step,action,reward,throughput_mbps,delay_ms,loss_rate,utility_score,obs_t_norm,obs_d_norm,obs_l_norm,obs_c_norm,obs_a_norm,terminated
182,1,0,0.5567753911018372,5.784,64.87384,0.0,0.5459630966186524,0.5784000158309937,0.2162461280822754,0.0,0.4000000059604645,0.0,False
182,2,2,0.4885860085487366,5.064,53.44192,0.0,0.47967902943491936,0.5063999891281128,0.17813973128795624,0.0,0.5,1.0,False
182,3,2,0.5917860269546509,6.096,53.44192,0.0,0.5828790478408337,0.6096000075340271,0.17813973128795624,0.0,0.6000000238418579,1.0,False
182,4,2,0.6925860047340393,7.104,53.44192,0.0,0.6836790256202221,0.7103999853134155,0.17813973128795624,0.0,0.699999988079071,1.0,False
182,5,2,0.8005860447883606,8.184,53.44192,0.0,0.7916790656745434,0.8184000253677368,0.17813973128795624,0.0,0.800000011920929,1.0,False
182,6,2,0.9037860035896301,9.216,53.44192,0.0,0.8948790244758129,0.9215999841690063,0.17813973128795624,0.0,0.8999999761581421,1.0,False
182,7,2,0.9709799885749817,9.912,60.659981,0.0,0.9608699798583984,0.9911999702453613,0.20219993591308594,0.0,1.0,1.0,False
182,8,2,0.9671139717102051,9.984,93.857931,0.0,0.9514710068702698,0.9983999729156494,0.31285977363586426,0.0,1.0,1.0,False
182,9,2,0.8663425445556641,9.984,164.064021,0.007737,0.8389985216781497,0.9983999729156494,0.5468800663948059,0.007736944127827883,1.0,1.0,False
182,10,2,0.5111461281776428,9.984,241.665904,0.04067,0.49170142561197283,0.9983999729156494,0.8055530190467834,0.04066985473036766,1.0,1.0,False
182,11,2,0.38321223855018616,9.984,269.476285,0.052536,0.37303766757249834,0.9983999729156494,0.8982542753219604,0.05253623053431511,1.0,1.0,False
182,12,2,-0.09433609992265701,9.984,359.005189,0.099274,-0.09433609843254087,0.9983999729156494,1.0,0.09927360713481903,1.0,1.0,False
182,13,2,-1.0,7.92,288.452116,0.172727,-1.0352727234363557,0.7919999957084656,0.9615070819854736,0.17272727191448212,1.0,1.0,False
182,14,2,0.8861779570579529,9.192,99.066149,0.0,0.8696669295430184,0.9192000031471252,0.330220490694046,0.0,1.0,1.0,False
182,15,2,-0.007461196277290583,9.984,187.394792,0.09434,-0.03869366049766543,0.9983999729156494,0.6246492862701416,0.09433962404727936,1.0,1.0,False
182,16,2,0.301924467086792,9.984,192.471069,0.063232,0.2698459595441818,0.9983999729156494,0.6415702104568481,0.06323184818029404,1.0,1.0,False
182,17,2,0.939180314540863,9.984,177.658908,0.0,0.9095705211162567,0.9983999729156494,0.5921963453292847,0.0,1.0,1.0,False
182,18,2,0.5339810848236084,5.76,126.056589,0.0,0.512971679866314,0.5759999752044678,0.42018863558769226,0.0,1.0,1.0,False
182,19,2,0.9556825160980225,9.984,128.152313,0.0,0.9343238145112991,0.9983999729156494,0.4271743893623352,0.0,1.0,1.0,False
182,20,2,0.8963705897331238,9.984,168.788375,0.004577,0.8682391978800297,0.9983999729156494,0.562627911567688,0.004576658830046654,1.0,1.0,False
182,21,2,0.8900160193443298,9.984,160.768251,0.005479,0.8632213275879621,0.9983999729156494,0.5358941555023193,0.005479452200233936,1.0,1.0,False
182,22,2,0.9560276865959167,9.984,127.116826,0.0,0.9348415613174439,0.9983999729156494,0.4237227439880371,0.0,1.0,1.0,False
182,23,2,0.9509797096252441,9.984,142.260745,0.0,0.9272696003317833,0.9983999729156494,0.4742024838924408,0.0,1.0,1.0,False
182,24,2,0.947922945022583,10.008,156.231256,0.0,0.9218843728303909,1.0,0.5207708477973938,0.0,1.0,1.0,False
182,25,2,0.9425050020217896,9.984,167.684983,0.0,0.9145574808120728,0.9983999729156494,0.5589499473571777,0.0,1.0,1.0,False
182,26,2,0.868378221988678,9.984,176.795191,0.007109,0.8389123292639852,0.9983999729156494,0.5893173217773438,0.0071090045385062695,1.0,1.0,False
182,27,2,0.9245713949203491,9.984,139.518475,0.002732,0.9013183330185711,0.9983999729156494,0.46506157517433167,0.0027322403620928526,1.0,1.0,False
182,28,2,0.958779513835907,9.984,118.861299,0.0,0.938969324529171,0.9983999729156494,0.3962043225765228,0.0,1.0,1.0,False
182,29,2,0.9559324979782104,9.984,127.402498,0.0,0.9346987247467041,0.9983999729156494,0.42467498779296875,0.0,1.0,1.0,False
182,30,0,0.9535350799560547,9.984,134.594768,0.0,0.9311025887727737,0.9983999729156494,0.44864922761917114,0.0,1.0,0.0,False
182,31,2,0.9516825675964355,9.984,140.152168,0.0,0.9283238872885704,0.9983999729156494,0.46717390418052673,0.0,1.0,1.0,False
182,32,2,0.950544536113739,9.984,143.566329,0.0,0.9266168087720871,0.9983999729156494,0.4785544276237488,0.0,1.0,1.0,False
182,33,2,0.9512482285499573,10.008,146.255383,0.0,0.9268723070621491,1.0,0.48751795291900635,0.0,1.0,1.0,False
182,34,2,0.9494622945785522,9.984,146.81296,0.0,0.9249934911727905,0.9983999729156494,0.4893765449523926,0.0,1.0,1.0,False
182,35,2,0.9494622945785522,9.984,146.81296,0.0,0.9249934911727905,0.9983999729156494,0.4893765449523926,0.0,1.0,1.0,False
182,36,0,0.9494622945785522,9.984,146.81296,0.0,0.9249934911727905,0.9983999729156494,0.4893765449523926,0.0,1.0,0.0,False
182,37,2,0.9494622945785522,9.984,146.81296,0.0,0.9249934911727905,0.9983999729156494,0.4893765449523926,0.0,1.0,1.0,False
182,38,2,0.9494199752807617,9.984,146.940052,0.0,0.9249299451708793,0.9983999729156494,0.48980018496513367,0.0,1.0,1.0,False
182,39,1,0.9489019513130188,9.984,148.494045,0.0,0.9241529494524002,0.9983999729156494,0.4949801564216614,0.0,1.0,0.5,False
182,40,2,0.9480315446853638,9.984,151.105214,0.0,0.9228473663330078,0.9983999729156494,0.5036840438842773,0.0,1.0,1.0,False
182,41,2,0.9466528296470642,9.984,155.241491,0.0,0.9207792311906815,0.9983999729156494,0.5174716114997864,0.0,1.0,1.0,False
182,42,2,0.9462410807609558,10.008,161.276824,0.0,0.9193615853786469,1.0,0.537589430809021,0.0,1.0,1.0,False
182,43,2,0.94191575050354,9.984,169.452722,0.0,0.9136736124753952,0.9983999729156494,0.5648424029350281,0.0,1.0,1.0,False
182,44,2,0.8359575867652893,9.984,178.048783,0.010309,0.8062827978283167,0.9983999729156494,0.5934959650039673,0.010309278033673763,1.0,1.0,False
182,45,2,0.9546195864677429,9.984,131.341185,0.0,0.9327293798327446,0.9983999729156494,0.4378039538860321,0.0,1.0,1.0,False
182,46,2,0.9566411375999451,9.984,125.276591,0.0,0.9357616797089576,0.9983999729156494,0.41758862137794495,0.0,1.0,1.0,False
182,47,2,0.9517326354980469,9.984,140.001968,0.0,0.9283989891409874,0.9983999729156494,0.46667322516441345,0.0,1.0,1.0,False
182,48,2,0.9475867748260498,9.984,152.439683,0.0,0.9221801310777664,0.9983999729156494,0.50813227891922,0.0,1.0,1.0,False
182,49,2,0.9440512657165527,9.984,163.046114,0.0,0.9168769121170044,0.9983999729156494,0.5434870719909668,0.0,1.0,1.0,False
182,50,2,0.9413592219352722,9.984,171.122252,0.0,0.9128388464450836,0.9983999729156494,0.570407509803772,0.0,1.0,1.0,False
182,51,2,0.8932610750198364,10.008,177.018648,0.004773,0.863757980056107,1.0,0.590062141418457,0.00477326987311244,1.0,1.0,False
182,52,2,0.9500060677528381,9.984,145.181679,0.0,0.925809133052826,0.9983999729156494,0.48393893241882324,0.0,1.0,1.0,False
182,53,2,0.9589384198188782,9.984,118.384722,0.0,0.939207611978054,0.9983999729156494,0.3946157395839691,0.0,1.0,1.0,False
182,54,2,0.9561442732810974,9.984,126.767037,0.0,0.9350164547562599,0.9983999729156494,0.4225567877292633,0.0,1.0,1.0,False
182,55,2,0.9538566470146179,9.984,133.630022,0.0,0.9315849617123604,0.9983999729156494,0.4454334080219269,0.0,1.0,1.0,False
182,56,2,0.9520061016082764,9.984,139.181645,0.0,0.9288091525435448,0.9983999729156494,0.46393880248069763,0.0,1.0,1.0,False
182,57,2,0.9508873224258423,9.984,142.538037,0.0,0.9271309524774551,0.9983999729156494,0.47512680292129517,0.0,1.0,1.0,False
182,58,2,0.9500207304954529,9.984,145.137652,0.0,0.9258311450481415,0.9983999729156494,0.48379218578338623,0.0,1.0,1.0,False
182,59,0,0.9498628377914429,9.984,145.61136,0.0,0.9255942925810814,0.9983999729156494,0.4853712022304535,0.0,1.0,0.0,False
182,60,2,0.9514623880386353,10.008,145.612801,0.0,0.9271935999393464,1.0,0.4853760004043579,0.0,1.0,1.0,False
182,61,2,0.9498628377914429,9.984,145.61136,0.0,0.9255942925810814,0.9983999729156494,0.4853712022304535,0.0,1.0,1.0,False
182,62,2,0.9498628377914429,9.984,145.61136,0.0,0.9255942925810814,0.9983999729156494,0.4853712022304535,0.0,1.0,1.0,False
182,63,1,0.9497916102409363,9.984,145.825106,0.0,0.925487419962883,0.9983999729156494,0.4860836863517761,0.0,1.0,0.5,False
182,64,2,0.9492735862731934,9.984,147.379098,0.0,0.9247104242444039,0.9983999729156494,0.49126365780830383,0.0,1.0,1.0,False
182,65,2,0.948345422744751,9.984,150.163575,0.0,0.9233181834220886,0.9983999729156494,0.5005452632904053,0.0,1.0,1.0,False
182,66,2,0.9469281435012817,9.984,154.415391,0.0,0.9211922734975815,0.9983999729156494,0.5147179961204529,0.0,1.0,1.0,False
182,67,2,0.9448754191398621,9.984,160.573591,0.0,0.9181131780147552,0.9983999729156494,0.5352452993392944,0.0,1.0,1.0,False
182,68,2,0.9420967102050781,9.984,168.909691,0.0,0.9139451235532761,0.9983999729156494,0.563032329082489,0.0,1.0,1.0,False
182,69,2,0.841776430606842,10.008,177.64106,0.009901,0.8121695715934039,1.0,0.5921368598937988,0.009900989942252636,1.0,1.0,False
182,70,2,0.9537549614906311,9.984,133.935024,0.0,0.9314324602484703,0.9983999729156494,0.4464500844478607,0.0,1.0,1.0,False
182,71,2,0.956829845905304,9.984,124.710452,0.0,0.9360447466373444,0.9983999729156494,0.4157015085220337,0.0,1.0,1.0,False
182,72,2,0.951927125453949,9.984,139.418498,0.0,0.9286907240748405,0.9983999729156494,0.46472832560539246,0.0,1.0,1.0,False
182,73,2,0.9477003812789917,9.984,152.098845,0.0,0.922350549697876,0.9983999729156494,0.5069961547851562,0.0,1.0,1.0,False
182,74,2,0.9442072510719299,9.984,162.578183,0.0,0.9171108812093735,0.9983999729156494,0.5419272780418396,0.0,1.0,1.0,False
182,75,2,0.9415017366409302,9.984,170.69476,0.0,0.9130525916814805,0.9983999729156494,0.5689825415611267,0.0,1.0,1.0,False
182,76,2,0.8918799757957458,9.984,176.70276,0.004762,0.8624295396730304,0.9983999729156494,0.5890092253684998,0.004761904943734407,1.0,1.0,False
182,77,2,0.9484992623329163,9.984,149.702122,0.0,0.923548911511898,0.9983999729156494,0.49900707602500916,0.0,1.0,1.0,False
182,78,2,0.9606736898422241,10.008,117.978882,0.0,0.941010557115078,1.0,0.39326295256614685,0.0,1.0,1.0,False
182,79,2,0.9562425017356873,9.984,126.472414,0.0,0.9351637661457062,0.9983999729156494,0.4215747117996216,0.0,1.0,1.0,False
182,80,2,0.9539510011672974,9.984,133.346952,0.0,0.9317264974117279,0.9983999729156494,0.44448983669281006,0.0,1.0,1.0,False
182,81,2,0.9520580768585205,9.984,139.025668,0.0,0.9288871377706528,0.9983999729156494,0.4634189009666443,0.0,1.0,1.0,False
182,82,2,0.9509373903274536,9.984,142.387837,0.0,0.9272060543298721,0.9983999729156494,0.4746261239051819,0.0,1.0,1.0,False
182,83,2,0.9500361680984497,9.984,145.091437,0.0,0.9258542522788048,0.9983999729156494,0.48363813757896423,0.0,1.0,1.0,False
182,84,2,0.9498628377914429,9.984,145.61136,0.0,0.9255942925810814,0.9983999729156494,0.4853712022304535,0.0,1.0,1.0,False
182,85,2,0.9498628377914429,9.984,145.61136,0.0,0.9255942925810814,0.9983999729156494,0.4853712022304535,0.0,1.0,1.0,False
182,86,2,0.9498628377914429,9.984,145.61136,0.0,0.9255942925810814,0.9983999729156494,0.4853712022304535,0.0,1.0,1.0,False
182,87,2,0.9514633417129517,10.008,145.609919,0.0,0.9271950393915176,1.0,0.4853664040565491,0.0,1.0,1.0,False
182,88,2,0.9498069882392883,9.984,145.778891,0.0,0.9255105271935463,0.9983999729156494,0.4859296381473541,0.0,1.0,1.0,False
182,89,2,0.949290931224823,9.984,147.327106,0.0,0.9247364193201065,0.9983999729156494,0.4910903573036194,0.0,1.0,1.0,False
182,90,2,0.9483935832977295,9.984,150.019152,0.0,0.9233903974294663,0.9983999729156494,0.5000638365745544,0.0,1.0,1.0,False
182,91,2,0.9470032453536987,9.984,154.190091,0.0,0.921304926276207,0.9983999729156494,0.513966977596283,0.0,1.0,1.0,False
182,92,2,0.9449697732925415,9.984,160.290522,0.0,0.9182547092437744,0.9983999729156494,0.5343017578125,0.0,1.0,1.0,False
182,93,2,0.942223846912384,9.984,168.528414,0.0,0.9141357660293579,0.9983999729156494,0.5617613792419434,0.0,1.0,1.0,False
182,94,2,0.8442734479904175,9.984,177.343998,0.009501,0.8147160951048136,0.9983999729156494,0.5911466479301453,0.009501188062131405,1.0,1.0,False
182,95,2,0.9528460502624512,9.984,136.661732,0.0,0.9300691068172455,0.9983999729156494,0.45553910732269287,0.0,1.0,1.0,False
182,96,2,0.9586355090141296,10.008,124.093499,0.0,0.9379532501101494,1.0,0.4136449992656708,0.0,1.0,1.0,False
182,97,2,0.9521100521087646,9.984,138.869691,0.0,0.9289651274681091,0.9983999729156494,0.46289896965026855,0.0,1.0,1.0,False
182,98,2,0.9478640556335449,9.984,151.607806,0.0,0.9225960701704026,0.9983999729156494,0.5053593516349792,0.0,1.0,1.0,False
182,99,2,0.9443304538726807,9.984,162.20846,0.0,0.9172957390546799,0.9983999729156494,0.5406948924064636,0.0,1.0,1.0,True
